,D_01_B1,D_01_B1d,D_01_B2,D_01_P1,D_01_P1d,D_01_P2,D_02_B1,D_02_B1d,D_02_B2,D_02_B2d,D_02_P1,D_02_P1d,D_02_P2,D_02_P2d,D_03_B1,D_03_B1d,D_03_B2,D_03_B2d,D_03_P1,D_03_P1d,D_03_P2,D_03_P2d,D_04_B1,D_04_B2,D_04_B2d,D_04_B3,D_04_B3d,D_04_P1,D_04_P1d,D_05_B1,D_05_B1d,D_05_B2,D_05_P1,D_05_P1d,D_05_P2,D_06_B1,D_06_B2,D_06_P1,D_06_P2,D_07_B1,D_07_B2,D_07_P1,D_07_P2,D_08_B1,D_08_B2,D_08_P1,D_08_P2,D_09_B1,D_09_B2,D_09_B3,D_09_B4,D_10_B1,D_10_B2,D_10_P1,D_10_P2,D_BK1,D_BK2,D_BK3,D_BK4,D_BK5,D_EB1,D_EB2,D_EB3,NEG01,NEG02,NEG03,NEG04,NEG05,NEG06,NEG07,NEG08,NEG09,NEG10,NEG11,POS01,POS02,POS03,POS04,POS05,POS06,POS07,POS08,POS09,POS10,POS11,taxonomy
Astatotilapia_calliptera,0,0,0,0,9472,0,0,1823,0,4,0,0,0,0,0,0,0,0,0,0,0,0,0,0,0,0,3,0,0,0,0,0,0,0,0,0,0,0,0,0,0,0,0,0,0,730,0,0,0,0,0,0,227,0,0,0,0,0,0,0,0,0,0,0,0,0,0,0,0,0,0,0,0,0,7578,8875,7913,12162,5630,32545,11486,26866,27475,33885,450570,d__Eukaryota; p__Chordata; c__Actinopteri; o__Cichliformes; f__Cichlidae; g__Astatotilapia; s__Astatotilapia_calliptera
Cobitis_taenia,0,0,0,0,0,0,0,0,0,0,0,0,0,0,0,0,0,0,0,0,0,0,0,0,0,0,0,0,0,0,0,0,0,0,0,0,0,0,0,0,0,0,0,0,0,0,0,0,0,0,0,0,0,0,0,0,0,0,0,0,0,0,0,0,0,0,0,0,0,0,0,0,0,0,3,0,4,16,0,47,4,83,29,68,1476,d__Eukaryota; p__Chordata; c__Actinopteri; o__Cypriniformes; f__Cobitidae; g__Cobitis; s__Cobitis_taenia
Abramis_brama,0,0,0,0,0,0,0,0,0,0,0,0,0,0,0,0,0,0,0,0,0,0,0,0,0,0,0,0,0,0,0,0,0,0,0,0,0,0,0,0,0,0,0,0,0,0,0,0,0,0,0,0,0,0,3,6,0,0,0,0,0,0,0,0,0,0,0,0,0,0,0,0,0,0,0,0,0,0,0,0,0,0,0,0,0,d__Eukaryota; p__Chordata; c__Actinopteri; o__Cypriniformes; f__Leuciscidae; g__Abramis; s__Abramis_brama
Pimephales_promelas,0,0,0,0,0,0,0,0,0,0,0,0,0,0,0,0,0,0,0,0,0,0,0,0,0,0,0,0,0,0,0,0,0,0,0,0,0,0,0,0,0,0,0,0,0,0,0,0,0,0,0,0,0,0,0,0,0,0,0,0,0,0,0,0,0,0,0,0,0,0,0,0,0,0,5,4,0,11,0,43,10,66,52,67,1556,d__Eukaryota; p__Chordata; c__Actinopteri; o__Cypriniformes; f__Leuciscidae; g__Pimephales; s__Pimephales_promelas
Cottus_gobio,0,4,0,0,0,0,0,0,0,0,0,0,0,0,0,0,0,0,0,0,0,0,0,0,0,0,0,0,0,0,0,0,0,0,0,0,0,0,0,0,0,0,0,0,0,0,555,0,0,0,0,0,0,0,221,0,332,1173,0,0,0,0,0,0,0,0,0,0,0,319,0,0,0,0,0,0,0,0,0,0,0,0,0,0,64,d__Eukaryota; p__Chordata; c__Actinopteri; o__Perciformes; f__Cottidae; g__Cottus; s__Cottus_gobio
Gasterosteus_aculeatus,0,3,0,0,4,0,0,7650,0,9,0,3,0,4,0,0,0,5112,0,0,0,6629,0,0,4208,0,0,4,0,4,3,819,0,0,0,0,3,0,0,0,0,0,0,0,413,0,0,0,0,4,0,0,0,0,17,0,375,6,0,0,0,0,0,0,0,0,0,0,0,0,0,0,0,0,0,0,0,0,0,0,5,0,0,0,125,d__Eukaryota; p__Chordata; c__Actinopteri; o__Perciformes; f__Gasterosteidae; g__Gasterosteus; s__Gasterosteus_aculeatus
Percidae,0,0,0,0,0,0,0,0,0,0,0,0,0,0,0,0,0,0,0,0,0,0,0,0,0,0,0,0,0,0,0,0,0,0,0,0,0,0,0,0,0,0,0,0,0,0,0,0,0,0,0,5,0,0,5,0,0,0,0,0,0,0,0,0,0,0,0,0,0,0,0,0,0,0,0,0,0,0,0,0,0,0,0,0,0,d__Eukaryota; p__Chordata; c__Actinopteri; o__Perciformes; f__Percidae
Salmo_trutta,0,14884,0,0,0,0,0,8,0,0,0,0,0,3,0,0,0,0,0,0,0,7209,0,0,0,0,0,0,0,0,0,0,0,0,0,0,0,0,0,0,0,0,0,0,0,0,3,3,0,4,0,0,0,0,5,0,0,0,4,5,0,0,0,0,0,0,0,0,0,0,0,0,0,0,0,0,0,0,0,6,3,0,0,0,0,d__Eukaryota; p__Chordata; c__Actinopteri; o__Salmoniformes; f__Salmonidae; g__Salmo; s__Salmo_trutta
Bufo_bufo,0,0,0,0,5,0,0,0,0,0,0,0,0,0,0,0,0,0,0,0,0,0,0,0,0,0,0,0,0,0,0,0,0,0,0,0,0,0,0,257,0,0,0,0,0,0,0,0,465,0,0,0,0,0,0,0,0,0,0,0,0,0,0,0,0,0,0,0,0,0,0,0,0,0,0,0,0,0,0,0,0,0,0,9,0,d__Eukaryota; p__Chordata; c__Amphibia; o__Anura; f__Bufonidae; g__Bufo; s__Bufo_bufo
Rana_temporaria,0,9,0,0,8,0,0,0,0,0,0,12303,0,0,0,0,0,0,0,0,0,0,0,0,0,0,0,0,0,0,0,0,0,0,0,0,261,0,0,0,0,0,0,0,0,0,0,0,0,0,0,526,0,0,0,0,0,0,0,0,0,0,0,0,0,0,0,0,0,0,0,0,0,0,0,0,0,0,0,0,0,0,0,0,222,d__Eukaryota; p__Chordata; c__Amphibia; o__Anura; f__Ranidae; g__Rana; s__Rana_temporaria
Lissotriton_helveticus,11,0,0,0,0,0,0,0,0,0,0,0,0,0,0,0,0,0,0,0,0,0,0,0,0,0,0,0,0,0,0,0,0,5129,0,0,209,0,0,0,0,0,0,0,0,0,0,0,0,0,0,0,0,0,0,0,0,0,0,0,0,0,0,0,0,0,0,0,0,0,0,0,0,0,0,0,0,0,0,0,0,0,0,0,0,d__Eukaryota; p__Chordata; c__Amphibia; o__Caudata; f__Salamandridae; g__Lissotriton; s__Lissotriton_helveticus
Buteo_buteo,0,0,0,0,0,0,0,0,0,0,0,0,0,0,0,0,0,0,0,0,0,0,0,0,0,0,0,0,0,0,0,0,0,0,214,0,0,0,0,0,0,0,0,0,0,0,0,0,0,0,0,0,0,0,0,0,0,0,0,0,0,0,0,0,0,0,0,0,0,0,0,0,0,0,0,0,0,0,0,0,0,0,0,0,0,d__Eukaryota; p__Chordata; c__Aves; o__Accipitriformes; f__Accipitridae; g__Buteo; s__Buteo_buteo
Anatidae,0,0,0,0,0,0,0,0,0,0,256,0,0,4,0,0,0,0,0,0,0,3482,0,0,0,0,0,0,0,0,0,0,0,0,0,5,4,0,0,0,0,0,0,0,0,0,0,0,0,0,0,0,0,0,0,0,3,0,0,0,0,0,0,0,0,0,0,0,0,0,0,0,0,0,0,0,4,0,0,0,0,0,0,0,0,d__Eukaryota; p__Chordata; c__Aves; o__Anseriformes; f__Anatidae
Anas_carolinensis,0,0,0,0,0,0,0,0,0,0,0,0,0,0,0,0,0,0,0,0,0,0,0,0,0,0,0,0,0,0,0,0,0,0,0,0,0,0,0,0,0,0,0,0,0,0,0,0,0,0,0,0,0,0,0,0,0,0,0,0,0,0,0,0,0,0,0,0,0,0,0,0,0,0,0,0,0,0,0,0,0,0,0,0,194,d__Eukaryota; p__Chordata; c__Aves; o__Anseriformes; f__Anatidae; g__Anas; s__Anas_carolinensis
Scolopax_rusticola,0,0,0,0,0,0,0,0,0,0,0,0,0,0,0,0,0,0,0,0,0,0,0,0,0,0,0,0,0,0,0,0,0,0,0,0,0,0,0,0,0,0,0,0,0,0,0,0,0,0,0,0,0,0,0,0,0,896,0,0,0,0,0,0,0,0,0,0,0,0,0,0,0,0,0,0,0,0,0,0,0,0,0,0,0,d__Eukaryota; p__Chordata; c__Aves; o__Charadriiformes; f__Scolopacidae; g__Scolopax; s__Scolopax_rusticola
Columba,0,0,0,0,0,0,0,0,0,0,0,0,0,0,0,0,0,0,0,0,0,0,0,0,0,0,0,0,0,0,0,0,0,0,0,0,0,0,0,0,0,0,0,0,0,37,0,0,0,0,0,0,0,0,0,0,0,0,0,0,0,0,0,0,0,0,0,0,0,0,0,0,0,0,0,0,0,0,0,0,0,0,0,0,0,d__Eukaryota; p__Chordata; c__Aves; o__Columbiformes; f__Columbidae; g__Columba
Phasianidae,0,0,0,0,9897,0,0,0,0,0,8,0,0,34,0,0,0,0,0,1204,0,0,0,0,0,0,0,0,0,0,0,0,0,0,0,102,1988,360,0,0,523,0,0,0,846,0,0,0,0,0,0,0,0,1130,0,0,0,0,0,0,0,0,0,0,0,0,0,0,0,0,0,0,0,0,0,0,0,0,0,0,0,0,0,0,0,d__Eukaryota; p__Chordata; c__Aves; o__Galliformes; f__Phasianidae
Lyrurus_tetrix,0,0,0,0,0,0,0,0,0,0,0,0,0,0,0,0,0,0,0,0,0,0,0,0,0,0,0,0,0,0,0,0,0,0,0,174,0,0,0,0,0,0,0,0,0,0,0,0,0,0,0,0,0,0,0,0,0,0,0,0,0,0,0,0,0,0,0,0,0,0,0,0,0,0,0,0,0,0,0,0,0,0,0,0,0,d__Eukaryota; p__Chordata; c__Aves; o__Galliformes; f__Phasianidae; g__Lyrurus; s__Lyrurus_tetrix
Phasianus_colchicus,0,0,0,0,0,0,0,5259,0,0,0,4,0,0,0,0,0,4914,0,0,0,0,0,0,0,0,0,0,0,0,0,0,0,0,0,0,0,0,0,0,0,0,0,0,0,0,0,0,594,3,0,0,0,0,0,0,0,0,0,0,0,0,0,0,0,0,0,0,0,0,0,0,0,0,0,8,0,0,0,0,5,0,0,0,0,d__Eukaryota; p__Chordata; c__Aves; o__Galliformes; f__Phasianidae; g__Phasianus; s__Phasianus_colchicus
Passeriformes,2160,0,0,6,0,0,0,0,0,0,0,0,0,0,0,0,0,0,0,0,0,0,0,0,0,0,0,0,0,0,0,0,0,0,0,164,461,698,0,0,0,0,0,436,0,582,0,0,0,0,0,0,0,0,0,0,0,0,0,0,0,0,0,0,0,0,0,0,0,0,0,0,0,0,0,0,0,0,0,0,0,0,0,0,0,d__Eukaryota; p__Chordata; c__Aves; o__Passeriformes
Alauda_arvensis,0,0,0,0,0,0,0,0,0,0,0,0,0,0,0,0,0,0,0,0,0,0,0,0,0,0,0,0,0,0,0,0,0,0,0,0,0,0,0,0,0,0,0,0,0,0,0,0,0,0,0,1771,0,0,0,0,0,0,0,0,0,0,0,0,0,0,0,0,0,0,0,0,0,0,0,0,0,0,0,0,0,0,0,0,0,d__Eukaryota; p__Chordata; c__Aves; o__Passeriformes; f__Alaudidae; g__Alauda; s__Alauda_arvensis
Troglodytes_troglodytes,27,0,0,0,0,0,0,0,0,0,0,0,0,0,0,0,0,0,0,0,0,0,0,0,0,101,0,0,0,0,0,0,0,0,0,0,0,0,0,0,0,0,0,0,0,0,0,0,168,0,0,0,0,0,0,0,0,0,0,0,0,0,0,0,0,0,0,0,0,0,0,0,0,0,0,0,0,0,0,0,0,0,0,0,0,d__Eukaryota; p__Chordata; c__Aves; o__Passeriformes; f__Certhiidae; g__Troglodytes; s__Troglodytes_troglodytes
Fringillidae,0,0,0,0,0,0,0,0,0,0,0,0,0,0,0,0,0,0,0,0,0,0,263,0,0,0,0,0,0,0,0,0,0,0,0,0,0,135,0,0,155,0,0,6550,0,0,1033,0,0,0,0,0,0,0,0,0,0,0,0,0,0,0,0,0,0,0,0,0,0,0,0,0,0,0,0,0,0,0,0,0,0,0,0,0,0,d__Eukaryota; p__Chordata; c__Aves; o__Passeriformes; f__Fringillidae
Fringilla,0,0,0,0,0,0,0,0,0,0,0,0,0,0,0,0,0,0,0,0,0,0,0,0,0,0,0,0,0,0,0,0,0,0,0,82,0,0,0,0,0,0,0,0,0,0,0,0,0,0,0,0,0,0,0,0,0,0,0,0,0,0,0,0,0,0,0,0,0,0,0,0,0,0,0,0,0,0,0,0,0,0,0,0,0,d__Eukaryota; p__Chordata; c__Aves; o__Passeriformes; f__Fringillidae; g__Fringilla
Muscicapidae,0,0,0,0,0,0,0,0,0,0,0,0,0,0,0,0,0,0,0,0,0,0,0,0,0,0,0,0,0,0,0,0,0,0,0,0,0,0,0,0,0,0,0,0,0,1789,0,0,0,0,0,0,0,0,0,0,0,0,0,0,0,0,0,0,0,0,0,0,0,0,0,0,0,0,0,0,0,0,0,0,0,0,0,0,0,d__Eukaryota; p__Chordata; c__Aves; o__Passeriformes; f__Muscicapidae
Parus_major,0,0,0,0,0,0,0,0,2127,12764,0,0,0,0,0,23017,0,0,0,0,0,0,134,0,4876,0,0,0,0,0,0,0,0,0,0,0,0,0,0,0,0,0,0,0,0,0,0,0,1932,0,0,0,0,0,0,0,0,0,0,0,0,0,0,0,0,0,0,0,0,0,0,0,0,0,0,0,0,0,0,0,0,0,0,0,0,d__Eukaryota; p__Chordata; c__Aves; o__Passeriformes; f__Paridae; g__Parus; s__Parus_major
Phylloscopus,0,0,0,0,0,6022,0,0,0,0,0,0,0,0,0,0,0,0,0,0,29,0,0,0,0,0,0,0,0,0,0,0,1381,9754,1684,8842,1861,10638,368,0,9,0,21,4456,2591,0,0,0,682,1884,18,0,0,0,0,0,0,0,0,0,0,0,0,0,0,0,0,0,0,0,0,0,0,0,0,0,0,0,0,0,0,0,0,0,0,d__Eukaryota; p__Chordata; c__Aves; o__Passeriformes; f__Phylloscopidae; g__Phylloscopus
Prunella_modularis,0,0,0,16,0,0,0,0,0,0,0,0,0,0,0,0,0,0,0,0,0,0,0,0,0,0,0,0,0,0,0,0,0,0,0,0,443,0,0,0,0,0,0,0,0,0,0,0,0,0,0,0,0,0,0,0,0,0,0,0,0,0,0,0,0,0,0,0,0,0,0,0,0,0,0,0,0,0,0,0,0,0,0,0,0,d__Eukaryota; p__Chordata; c__Aves; o__Passeriformes; f__Prunellidae; g__Prunella; s__Prunella_modularis
Sturnus_vulgaris,0,0,0,0,0,0,0,0,11394,72801,0,0,0,0,0,0,0,0,0,0,0,0,0,0,0,0,0,0,0,0,0,0,0,0,0,0,0,0,0,0,0,0,0,0,0,0,0,0,0,0,0,0,0,0,0,0,0,0,0,0,0,0,0,0,0,0,0,0,0,0,0,0,0,0,0,0,0,0,0,0,0,0,0,0,0,d__Eukaryota; p__Chordata; c__Aves; o__Passeriformes; f__Sturnidae; g__Sturnus; s__Sturnus_vulgaris
Erithacus_rubecula,0,0,0,41,5814,310,0,0,0,0,0,0,0,0,0,0,0,0,0,0,0,0,844,0,0,0,0,0,0,0,0,0,0,0,0,0,0,2550,24,0,0,0,0,420,0,1877,0,0,0,0,0,0,0,0,0,0,0,0,0,0,0,0,0,0,0,0,0,0,0,0,0,0,0,0,0,0,0,0,0,0,0,0,0,0,0,d__Eukaryota; p__Chordata; c__Aves; o__Passeriformes; f__Turdidae; g__Erithacus; s__Erithacus_rubecula
Turdus,0,0,0,0,0,0,0,0,0,0,1759,0,0,0,0,0,0,0,0,0,0,0,0,0,160,0,0,0,0,0,0,0,0,0,0,0,0,0,0,0,0,0,0,0,0,0,0,0,0,0,0,0,0,0,0,0,0,0,0,0,0,0,0,0,0,0,0,0,0,0,0,0,0,0,0,0,0,0,0,0,0,0,0,0,0,d__Eukaryota; p__Chordata; c__Aves; o__Passeriformes; f__Turdidae; g__Turdus
Turdus_philomelos,0,0,0,0,0,0,0,0,0,0,0,0,0,0,0,0,0,0,0,0,0,0,146,0,0,0,0,0,0,0,0,0,0,0,0,0,0,0,0,0,0,0,0,0,0,0,0,0,0,0,0,0,0,0,0,0,0,0,0,0,0,0,0,0,0,0,0,0,0,0,0,0,0,0,0,0,0,0,0,0,0,0,0,0,0,d__Eukaryota; p__Chordata; c__Aves; o__Passeriformes; f__Turdidae; g__Turdus; s__Turdus_philomelos
Dendrocopos_major,0,0,0,0,0,0,3,0,222,0,0,0,0,0,3602,138112,0,0,0,0,0,0,451,0,9560,0,0,0,33093,0,0,0,0,0,0,0,0,0,0,0,0,0,0,0,0,0,0,0,0,0,0,0,0,0,0,0,0,0,0,0,0,0,0,0,0,0,0,0,0,0,0,0,0,0,0,0,0,0,0,0,0,0,0,0,0,d__Eukaryota; p__Chordata; c__Aves; o__Piciformes; f__Picidae; g__Dendrocopos; s__Dendrocopos_major
Bos_taurus,0,0,711,0,5454,0,0,0,20,6,179,3,0,7,0,9,0,0,0,0,0,0,186,0,0,0,0,0,0,0,0,1137,0,0,0,0,0,0,5,0,0,1018,0,211,0,0,0,0,0,247,0,0,0,440,0,0,310,0,0,0,0,0,0,0,0,0,0,0,0,0,0,0,0,0,0,0,0,0,0,0,0,0,0,0,0,d__Eukaryota; p__Chordata; c__Mammalia; o__Artiodactyla; f__Bovidae; g__Bos; s__Bos_taurus
Ovis_aries,0,0,0,0,0,0,0,0,0,0,0,0,0,0,0,0,0,0,0,0,0,0,27840,0,0,0,0,0,0,0,0,0,0,0,0,0,0,0,0,0,0,0,0,0,0,0,0,0,0,0,0,0,0,0,0,0,0,0,0,0,0,0,0,0,0,0,0,0,0,0,0,0,0,0,0,0,0,0,0,0,0,0,0,0,0,d__Eukaryota; p__Chordata; c__Mammalia; o__Artiodactyla; f__Bovidae; g__Ovis; s__Ovis_aries
Capreolus_capreolus,0,0,0,0,0,3405,0,0,0,0,0,0,0,0,0,0,0,0,0,0,0,0,0,0,0,0,0,0,0,0,0,0,0,0,0,0,0,0,0,0,0,0,0,0,0,0,0,0,0,0,0,0,0,0,0,0,0,0,0,0,0,0,0,0,0,0,0,0,0,0,0,0,0,0,0,0,0,0,0,0,0,0,0,0,0,d__Eukaryota; p__Chordata; c__Mammalia; o__Artiodactyla; f__Cervidae; g__Capreolus; s__Capreolus_capreolus
Cervus_elaphus,0,0,411,3,0,965,0,0,0,0,0,0,0,0,0,0,0,0,0,0,0,0,0,0,0,0,0,0,0,0,0,0,829,23299,0,127,0,0,0,0,0,0,0,0,0,0,0,332,0,584,0,0,0,0,0,0,0,0,0,0,0,0,0,0,0,0,0,0,0,0,0,0,0,0,0,0,0,0,0,0,0,0,0,0,0,d__Eukaryota; p__Chordata; c__Mammalia; o__Artiodactyla; f__Cervidae; g__Cervus; s__Cervus_elaphus
Cervus_nippon,0,0,0,0,0,0,0,0,516,9754,0,0,0,0,0,0,0,0,0,0,0,0,7770,0,0,0,0,0,8118,0,0,0,0,0,0,0,0,0,0,0,0,0,87,0,0,0,0,0,0,0,2834,0,0,0,0,0,0,0,0,0,0,0,0,0,0,0,0,0,0,0,0,0,0,0,0,0,0,0,0,0,0,0,0,0,0,d__Eukaryota; p__Chordata; c__Mammalia; o__Artiodactyla; f__Cervidae; g__Cervus; s__Cervus_nippon
Sus_scrofa,782,0,1271,6,0,411,33,0,70,7321,819,0,0,0,0,0,0,0,0,0,0,0,141,0,0,0,0,0,0,0,0,0,0,0,0,0,877,0,0,0,0,0,0,0,1598,291,0,988,0,3756,0,199,0,0,0,0,663,0,0,0,0,0,0,0,0,0,152,100,0,0,0,0,0,0,0,13,0,0,0,0,11,0,0,4,185,d__Eukaryota; p__Chordata; c__Mammalia; o__Artiodactyla; f__Suidae; g__Sus; s__Sus_scrofa
Canis_lupus,68,0,1281,0,0,542,0,0,6,0,0,0,0,0,0,0,0,0,0,0,0,0,72,0,0,0,0,0,0,0,0,0,90,0,241,34,0,0,284,0,0,0,0,0,0,428,0,0,0,0,0,0,490,0,0,111,0,0,0,0,0,0,0,0,0,0,0,0,0,0,0,0,0,0,0,0,0,0,0,0,0,0,0,0,0,d__Eukaryota; p__Chordata; c__Mammalia; o__Carnivora; f__Canidae; g__Canis; s__Canis_lupus
Vulpes_vulpes,0,0,0,0,0,0,0,0,0,0,0,0,0,0,0,0,0,0,0,0,0,0,61,0,0,0,0,0,0,0,0,0,0,0,0,0,0,0,0,0,0,0,0,0,0,0,0,0,0,0,0,0,0,0,0,0,0,0,0,0,0,0,0,0,0,0,0,0,0,0,0,0,0,0,0,0,0,0,0,0,0,0,0,0,0,d__Eukaryota; p__Chordata; c__Mammalia; o__Carnivora; f__Canidae; g__Vulpes; s__Vulpes_vulpes
Martes_martes,0,0,0,0,0,0,0,0,13,0,0,0,0,0,0,0,0,0,0,0,0,0,29,0,2473,0,0,0,0,0,0,0,0,0,0,0,0,0,0,0,0,0,0,0,0,0,0,0,0,0,0,0,0,0,0,0,0,0,0,0,0,0,0,0,0,0,0,0,0,0,0,0,0,0,0,0,0,0,0,0,0,0,0,0,0,d__Eukaryota; p__Chordata; c__Mammalia; o__Carnivora; f__Mustelidae; g__Martes; s__Martes_martes
Sorex_araneus,0,0,0,0,0,0,0,0,0,0,0,0,0,0,0,0,0,0,0,0,0,23428,0,0,0,0,0,0,0,0,0,0,0,0,0,0,0,0,0,0,0,0,0,0,0,0,0,0,0,0,0,0,0,0,0,0,0,0,0,0,0,0,0,0,0,0,0,0,0,0,0,0,0,0,0,0,0,0,0,0,0,0,0,0,0,d__Eukaryota; p__Chordata; c__Mammalia; o__Eulipotyphla; f__Soricidae; g__Sorex; s__Sorex_araneus
Sorex_minutus,173,0,0,0,0,0,0,0,0,0,0,0,0,0,0,0,0,0,0,0,0,0,0,0,0,0,0,0,0,0,0,0,0,0,0,0,0,0,0,0,0,0,0,0,0,0,0,0,0,0,0,0,0,0,0,0,0,0,0,0,0,0,0,0,0,0,0,0,0,0,0,0,0,0,0,0,0,0,0,0,0,0,0,0,0,d__Eukaryota; p__Chordata; c__Mammalia; o__Eulipotyphla; f__Soricidae; g__Sorex; s__Sorex_minutus
Lepus_timidus,0,0,0,0,0,0,0,0,0,0,0,0,0,0,0,0,0,0,0,0,0,0,0,0,0,0,0,0,0,0,0,0,0,0,0,0,0,0,0,3535,0,0,0,0,0,0,0,0,0,0,0,0,0,0,0,0,0,0,0,0,0,0,0,0,0,0,0,0,0,0,0,0,0,0,0,0,0,0,0,0,0,0,0,0,34,d__Eukaryota; p__Chordata; c__Mammalia; o__Lagomorpha; f__Leporidae; g__Lepus; s__Lepus_timidus
Oryctolagus_cuniculus,0,0,0,0,3,0,0,0,0,0,0,0,0,0,0,0,0,0,0,0,0,0,0,0,0,0,0,0,0,0,0,0,0,0,0,0,0,0,0,0,0,0,0,0,0,0,0,0,0,0,0,0,0,0,0,0,0,0,0,0,0,0,0,0,0,0,0,0,0,0,0,0,0,0,0,0,0,0,0,0,0,0,0,0,0,d__Eukaryota; p__Chordata; c__Mammalia; o__Lagomorpha; f__Leporidae; g__Oryctolagus; s__Oryctolagus_cuniculus
Homo_sapiens,35695,144872,97199,423,139809,63107,2863,102422,18521,134863,11417,36362,0,62,3,16006,3,75092,0,87591,256,98858,57095,0,119349,7284,174150,0,19743,0,17,53400,9699,96350,46602,110178,97027,117125,51532,62573,121070,17069,45028,38074,71519,34618,34229,30686,66400,48416,19471,74165,33697,29319,52068,25907,198792,46573,170299,17516,3403,6820,2020,191,3489,293,848,661,2670,1023,471,0,4940,3262,12,28,42,93,20,48,156,143,50,91,2657,d__Eukaryota; p__Chordata; c__Mammalia; o__Primates; f__Hominidae; g__Homo; s__Homo_sapiens
Castor_fiber,0,3,0,0,0,0,0,3067,0,0,0,0,0,0,0,0,0,4702,0,0,0,0,0,0,0,0,0,0,0,0,0,0,0,0,0,0,0,0,0,0,0,3,240,0,0,0,0,0,0,0,0,0,0,0,0,0,0,0,0,0,0,0,0,0,0,0,0,0,0,0,0,0,325,0,0,0,0,0,0,0,4,0,0,0,0,d__Eukaryota; p__Chordata; c__Mammalia; o__Rodentia; f__Castoridae; g__Castor; s__Castor_fiber
Rattus_norvegicus,0,5985,0,0,0,0,0,0,0,0,0,0,0,0,0,0,0,0,0,0,0,0,0,0,0,0,0,0,0,0,0,0,0,0,0,0,0,0,0,0,0,0,0,0,0,0,0,0,0,0,0,0,0,0,0,0,0,0,0,0,0,0,0,0,0,0,0,0,0,0,0,0,0,0,0,0,0,0,0,0,0,0,0,0,0,d__Eukaryota; p__Chordata; c__Mammalia; o__Rodentia; f__Muridae; g__Rattus; s__Rattus_norvegicus