species,sample,presence,site
Regulus_regulus,site1_win1,1,1
Pipistrellus_pygmaeus,site1_win1,1,1
Anthus_trivialis,site1_win1,1,1
Certhia_familiaris,site1_win1,1,1
Muscicapa_striata,site1_win1,1,1
Periparus_ater,site1_win1,1,1
Spinus_spinus,site1_win1,1,1
Troglodytes_troglodytes,site1_win1,1,1
Regulus_regulus,site1_win2,1,1
Pipistrellus_pygmaeus,site1_win2,1,1
Muscicapa_striata,site1_win2,1,1
Periparus_ater,site1_win2,1,1
Spinus_spinus,site1_win2,1,1
Troglodytes_troglodytes,site1_win2,1,1
Erithacus_rubecula,site1_win2,1,1
Regulus_regulus,site1_win3,1,1
Muscicapa_striata,site1_win3,1,1
Periparus_ater,site1_win3,1,1
Spinus_spinus,site1_win3,1,1
Troglodytes_troglodytes,site1_win3,1,1
Erithacus_rubecula,site1_win3,1,1
Motacilla_cinerea,site1_win3,1,1
Phylloscopus_collybita,site1_win3,1,1
Phylloscopus_trochilus,site1_win3,1,1
Tringa_ochropus,site1_win3,1,1
Regulus_regulus,site1_win4,1,1
Certhia_familiaris,site1_win4,1,1
Muscicapa_striata,site1_win4,1,1
Periparus_ater,site1_win4,1,1
Spinus_spinus,site1_win4,1,1
Troglodytes_troglodytes,site1_win4,1,1
Motacilla_cinerea,site1_win4,1,1
Phylloscopus_collybita,site1_win4,1,1
Phylloscopus_trochilus,site1_win4,1,1
Cyanistes_caeruleus,site1_win4,1,1
Loxia_curvirostra,site1_win4,1,1
Regulus_regulus,site1_win5,1,1
Anthus_trivialis,site1_win5,1,1
Certhia_familiaris,site1_win5,1,1
Muscicapa_striata,site1_win5,1,1
Periparus_ater,site1_win5,1,1
Spinus_spinus,site1_win5,1,1
Troglodytes_troglodytes,site1_win5,1,1
Motacilla_cinerea,site1_win5,1,1
Pipistrellus_pygmaeus,site1_win6,1,1
Certhia_familiaris,site1_win6,1,1
Periparus_ater,site1_win6,1,1
Troglodytes_troglodytes,site1_win6,1,1
Motacilla_cinerea,site1_win6,1,1
Phylloscopus_trochilus,site1_win6,1,1
Pipistrellus_pipistrellus,site1_win6,1,1
Alauda_arvensis,site10_win1,1,10
Anthus_pratensis,site10_win1,1,10
Gallinago_gallinago,site10_win1,1,10
Tringa_ochropus,site10_win2,1,10
Alauda_arvensis,site10_win2,1,10
Anthus_pratensis,site10_win2,1,10
Alauda_arvensis,site10_win3,1,10
Anthus_pratensis,site10_win3,1,10
Gallinago_gallinago,site10_win3,1,10
Alauda_arvensis,site10_win4,1,10
Anthus_pratensis,site10_win4,1,10
Alauda_arvensis,site10_win5,1,10
Anthus_pratensis,site10_win5,1,10
Alauda_arvensis,site10_win6,1,10
Anthus_pratensis,site10_win6,1,10
Tringa_nebularia,site10_win6,1,10
Cygnus_olor,site10_win6,1,10
Regulus_regulus,site2_win1,1,2
Pipistrellus_pygmaeus,site2_win1,1,2
Periparus_ater,site2_win1,1,2
Spinus_spinus,site2_win1,1,2
Troglodytes_troglodytes,site2_win1,1,2
Erithacus_rubecula,site2_win1,1,2
Phylloscopus_collybita,site2_win1,1,2
Phylloscopus_trochilus,site2_win1,1,2
Cyanistes_caeruleus,site2_win1,1,2
Pipistrellus_pipistrellus,site2_win1,1,2
Corvus_corone,site2_win1,1,2
Fringilla_coelebs,site2_win1,1,2
Scolopax_rusticola,site2_win1,1,2
Strix_aluco,site2_win1,1,2
Aegithalos_caudatus,site2_win1,1,2
Dendrocopos_major,site2_win1,1,2
Prunella_modularis,site2_win1,1,2
Pyrrhula_pyrrhula,site2_win1,1,2
Regulus_regulus,site2_win2,1,2
Pipistrellus_pygmaeus,site2_win2,1,2
Periparus_ater,site2_win2,1,2
Spinus_spinus,site2_win2,1,2
Troglodytes_troglodytes,site2_win2,1,2
Erithacus_rubecula,site2_win2,1,2
Phylloscopus_collybita,site2_win2,1,2
Phylloscopus_trochilus,site2_win2,1,2
Cyanistes_caeruleus,site2_win2,1,2
Pipistrellus_pipistrellus,site2_win2,1,2
Corvus_corone,site2_win2,1,2
Fringilla_coelebs,site2_win2,1,2
Scolopax_rusticola,site2_win2,1,2
Strix_aluco,site2_win2,1,2
Dendrocopos_major,site2_win2,1,2
Prunella_modularis,site2_win2,1,2
Turdus_merula,site2_win2,1,2
Columba_palumbus,site2_win2,1,2
Parus_major,site2_win2,1,2
Regulus_regulus,site2_win3,1,2
Pipistrellus_pygmaeus,site2_win3,1,2
Periparus_ater,site2_win3,1,2
Spinus_spinus,site2_win3,1,2
Troglodytes_troglodytes,site2_win3,1,2
Erithacus_rubecula,site2_win3,1,2
Phylloscopus_collybita,site2_win3,1,2
Phylloscopus_trochilus,site2_win3,1,2
Pipistrellus_pipistrellus,site2_win3,1,2
Corvus_corone,site2_win3,1,2
Fringilla_coelebs,site2_win3,1,2
Scolopax_rusticola,site2_win3,1,2
Strix_aluco,site2_win3,1,2
Dendrocopos_major,site2_win3,1,2
Pyrrhula_pyrrhula,site2_win3,1,2
Turdus_merula,site2_win3,1,2
Anas_crecca,site2_win3,1,2
Buteo_buteo,site2_win3,1,2
Phasianus_colchicus,site2_win3,1,2
Regulus_regulus,site2_win4,1,2
Pipistrellus_pygmaeus,site2_win4,1,2
Periparus_ater,site2_win4,1,2
Spinus_spinus,site2_win4,1,2
Troglodytes_troglodytes,site2_win4,1,2
Erithacus_rubecula,site2_win4,1,2
Motacilla_cinerea,site2_win4,1,2
Phylloscopus_collybita,site2_win4,1,2
Phylloscopus_trochilus,site2_win4,1,2
Pipistrellus_pipistrellus,site2_win4,1,2
Corvus_corone,site2_win4,1,2
Fringilla_coelebs,site2_win4,1,2
Scolopax_rusticola,site2_win4,1,2
Strix_aluco,site2_win4,1,2
Dendrocopos_major,site2_win4,1,2
Pyrrhula_pyrrhula,site2_win4,1,2
Buteo_buteo,site2_win4,1,2
Columba_palumbus,site2_win4,1,2
Actitis_hypoleucos,site2_win4,1,2
Tringa_totanus,site2_win4,1,2
Regulus_regulus,site2_win5,1,2
Pipistrellus_pygmaeus,site2_win5,1,2
Muscicapa_striata,site2_win5,1,2
Periparus_ater,site2_win5,1,2
Spinus_spinus,site2_win5,1,2
Troglodytes_troglodytes,site2_win5,1,2
Erithacus_rubecula,site2_win5,1,2
Phylloscopus_collybita,site2_win5,1,2
Phylloscopus_trochilus,site2_win5,1,2
Cyanistes_caeruleus,site2_win5,1,2
Pipistrellus_pipistrellus,site2_win5,1,2
Corvus_corone,site2_win5,1,2
Fringilla_coelebs,site2_win5,1,2
Scolopax_rusticola,site2_win5,1,2
Strix_aluco,site2_win5,1,2
Aegithalos_caudatus,site2_win5,1,2
Dendrocopos_major,site2_win5,1,2
Turdus_merula,site2_win5,1,2
Anas_crecca,site2_win5,1,2
Buteo_buteo,site2_win5,1,2
Parus_major,site2_win5,1,2
Corvus_corax,site2_win5,1,2
Regulus_regulus,site2_win6,1,2
Pipistrellus_pygmaeus,site2_win6,1,2
Periparus_ater,site2_win6,1,2
Spinus_spinus,site2_win6,1,2
Troglodytes_troglodytes,site2_win6,1,2
Erithacus_rubecula,site2_win6,1,2
Phylloscopus_collybita,site2_win6,1,2
Phylloscopus_trochilus,site2_win6,1,2
Cyanistes_caeruleus,site2_win6,1,2
Pipistrellus_pipistrellus,site2_win6,1,2
Corvus_corone,site2_win6,1,2
Fringilla_coelebs,site2_win6,1,2
Scolopax_rusticola,site2_win6,1,2
Dendrocopos_major,site2_win6,1,2
Turdus_merula,site2_win6,1,2
Columba_palumbus,site2_win6,1,2
Parus_major,site2_win6,1,2
Cuculus_canorus,site2_win6,1,2
Streptopelia_decaocto,site2_win6,1,2
Regulus_regulus,site3_win1,1,3
Pipistrellus_pygmaeus,site3_win1,1,3
Certhia_familiaris,site3_win1,1,3
Periparus_ater,site3_win1,1,3
Spinus_spinus,site3_win1,1,3
Troglodytes_troglodytes,site3_win1,1,3
Erithacus_rubecula,site3_win1,1,3
Phylloscopus_trochilus,site3_win1,1,3
Cyanistes_caeruleus,site3_win1,1,3
Pipistrellus_pipistrellus,site3_win1,1,3
Fringilla_coelebs,site3_win1,1,3
Scolopax_rusticola,site3_win1,1,3
Strix_aluco,site3_win1,1,3
Prunella_modularis,site3_win1,1,3
Pyrrhula_pyrrhula,site3_win1,1,3
Buteo_buteo,site3_win1,1,3
Parus_major,site3_win1,1,3
Sylvia_atricapilla,site3_win1,1,3
Turdus_philomelos,site3_win1,1,3
Myotis_daubentonii,site3_win1,1,3
Anser_anser,site3_win1,1,3
Ardea_cinerea,site3_win1,1,3
Regulus_regulus,site3_win2,1,3
Certhia_familiaris,site3_win2,1,3
Muscicapa_striata,site3_win2,1,3
Periparus_ater,site3_win2,1,3
Spinus_spinus,site3_win2,1,3
Troglodytes_troglodytes,site3_win2,1,3
Erithacus_rubecula,site3_win2,1,3
Phylloscopus_trochilus,site3_win2,1,3
Pipistrellus_pipistrellus,site3_win2,1,3
Corvus_corone,site3_win2,1,3
Fringilla_coelebs,site3_win2,1,3
Strix_aluco,site3_win2,1,3
Aegithalos_caudatus,site3_win2,1,3
Dendrocopos_major,site3_win2,1,3
Prunella_modularis,site3_win2,1,3
Pyrrhula_pyrrhula,site3_win2,1,3
Buteo_buteo,site3_win2,1,3
Columba_palumbus,site3_win2,1,3
Parus_major,site3_win2,1,3
Sylvia_atricapilla,site3_win2,1,3
Turdus_philomelos,site3_win2,1,3
Regulus_regulus,site3_win3,1,3
Certhia_familiaris,site3_win3,1,3
Muscicapa_striata,site3_win3,1,3
Periparus_ater,site3_win3,1,3
Spinus_spinus,site3_win3,1,3
Troglodytes_troglodytes,site3_win3,1,3
Erithacus_rubecula,site3_win3,1,3
Phylloscopus_collybita,site3_win3,1,3
Phylloscopus_trochilus,site3_win3,1,3
Cyanistes_caeruleus,site3_win3,1,3
Corvus_corone,site3_win3,1,3
Fringilla_coelebs,site3_win3,1,3
Scolopax_rusticola,site3_win3,1,3
Strix_aluco,site3_win3,1,3
Prunella_modularis,site3_win3,1,3
Pyrrhula_pyrrhula,site3_win3,1,3
Columba_palumbus,site3_win3,1,3
Turdus_philomelos,site3_win3,1,3
Regulus_regulus,site3_win4,1,3
Pipistrellus_pygmaeus,site3_win4,1,3
Certhia_familiaris,site3_win4,1,3
Spinus_spinus,site3_win4,1,3
Troglodytes_troglodytes,site3_win4,1,3
Erithacus_rubecula,site3_win4,1,3
Phylloscopus_collybita,site3_win4,1,3
Phylloscopus_trochilus,site3_win4,1,3
Cyanistes_caeruleus,site3_win4,1,3
Pipistrellus_pipistrellus,site3_win4,1,3
Corvus_corone,site3_win4,1,3
Fringilla_coelebs,site3_win4,1,3
Scolopax_rusticola,site3_win4,1,3
Strix_aluco,site3_win4,1,3
Prunella_modularis,site3_win4,1,3
Pyrrhula_pyrrhula,site3_win4,1,3
Turdus_merula,site3_win4,1,3
Columba_palumbus,site3_win4,1,3
Parus_major,site3_win4,1,3
Sylvia_atricapilla,site3_win4,1,3
Turdus_philomelos,site3_win4,1,3
Myotis_daubentonii,site3_win4,1,3
Regulus_regulus,site3_win5,1,3
Pipistrellus_pygmaeus,site3_win5,1,3
Muscicapa_striata,site3_win5,1,3
Periparus_ater,site3_win5,1,3
Spinus_spinus,site3_win5,1,3
Troglodytes_troglodytes,site3_win5,1,3
Erithacus_rubecula,site3_win5,1,3
Phylloscopus_trochilus,site3_win5,1,3
Cyanistes_caeruleus,site3_win5,1,3
Pipistrellus_pipistrellus,site3_win5,1,3
Corvus_corone,site3_win5,1,3
Fringilla_coelebs,site3_win5,1,3
Scolopax_rusticola,site3_win5,1,3
Strix_aluco,site3_win5,1,3
Prunella_modularis,site3_win5,1,3
Pyrrhula_pyrrhula,site3_win5,1,3
Buteo_buteo,site3_win5,1,3
Sylvia_atricapilla,site3_win5,1,3
Turdus_philomelos,site3_win5,1,3
Myotis_daubentonii,site3_win5,1,3
Carduelis_carduelis,site3_win5,1,3
Garrulus_glandarius,site3_win5,1,3
Turdus_viscivorus,site3_win5,1,3
Pipistrellus_pygmaeus,site3_win6,1,3
Periparus_ater,site3_win6,1,3
Spinus_spinus,site3_win6,1,3
Troglodytes_troglodytes,site3_win6,1,3
Erithacus_rubecula,site3_win6,1,3
Cyanistes_caeruleus,site3_win6,1,3
Pipistrellus_pipistrellus,site3_win6,1,3
Fringilla_coelebs,site3_win6,1,3
Scolopax_rusticola,site3_win6,1,3
Strix_aluco,site3_win6,1,3
Pyrrhula_pyrrhula,site3_win6,1,3
Columba_palumbus,site3_win6,1,3
Parus_major,site3_win6,1,3
Alauda_arvensis,site3_win6,1,3
Sylvia_atricapilla,site3_win6,1,3
Turdus_philomelos,site3_win6,1,3
Myotis_daubentonii,site3_win6,1,3
Carduelis_carduelis,site3_win6,1,3
Turdus_viscivorus,site3_win6,1,3
Plecotus_auritus,site3_win6,1,3
Sitta_europaea,site3_win6,1,3
Pipistrellus_pygmaeus,site4_win1,1,4
Anthus_trivialis,site4_win1,1,4
Certhia_familiaris,site4_win1,1,4
Periparus_ater,site4_win1,1,4
Spinus_spinus,site4_win1,1,4
Troglodytes_troglodytes,site4_win1,1,4
Erithacus_rubecula,site4_win1,1,4
Phylloscopus_collybita,site4_win1,1,4
Phylloscopus_trochilus,site4_win1,1,4
Cyanistes_caeruleus,site4_win1,1,4
Pipistrellus_pipistrellus,site4_win1,1,4
Fringilla_coelebs,site4_win1,1,4
Scolopax_rusticola,site4_win1,1,4
Strix_aluco,site4_win1,1,4
Dendrocopos_major,site4_win1,1,4
Pyrrhula_pyrrhula,site4_win1,1,4
Columba_palumbus,site4_win1,1,4
Parus_major,site4_win1,1,4
Tringa_nebularia,site4_win1,1,4
Regulus_regulus,site4_win2,1,4
Pipistrellus_pygmaeus,site4_win2,1,4
Anthus_trivialis,site4_win2,1,4
Certhia_familiaris,site4_win2,1,4
Periparus_ater,site4_win2,1,4
Spinus_spinus,site4_win2,1,4
Troglodytes_troglodytes,site4_win2,1,4
Phylloscopus_collybita,site4_win2,1,4
Phylloscopus_trochilus,site4_win2,1,4
Pipistrellus_pipistrellus,site4_win2,1,4
Fringilla_coelebs,site4_win2,1,4
Scolopax_rusticola,site4_win2,1,4
Strix_aluco,site4_win2,1,4
Dendrocopos_major,site4_win2,1,4
Pyrrhula_pyrrhula,site4_win2,1,4
Buteo_buteo,site4_win2,1,4
Parus_major,site4_win2,1,4
Corvus_corax,site4_win2,1,4
Haematopus_ostralegus,site4_win2,1,4
Saxicola_rubicola,site4_win2,1,4
Pipistrellus_pygmaeus,site4_win3,1,4
Anthus_trivialis,site4_win3,1,4
Certhia_familiaris,site4_win3,1,4
Muscicapa_striata,site4_win3,1,4
Periparus_ater,site4_win3,1,4
Spinus_spinus,site4_win3,1,4
Troglodytes_troglodytes,site4_win3,1,4
Erithacus_rubecula,site4_win3,1,4
Phylloscopus_collybita,site4_win3,1,4
Phylloscopus_trochilus,site4_win3,1,4
Loxia_curvirostra,site4_win3,1,4
Pipistrellus_pipistrellus,site4_win3,1,4
Fringilla_coelebs,site4_win3,1,4
Scolopax_rusticola,site4_win3,1,4
Strix_aluco,site4_win3,1,4
Dendrocopos_major,site4_win3,1,4
Anas_crecca,site4_win3,1,4
Parus_major,site4_win3,1,4
Corvus_corax,site4_win3,1,4
Pipistrellus_pygmaeus,site4_win4,1,4
Anthus_trivialis,site4_win4,1,4
Certhia_familiaris,site4_win4,1,4
Periparus_ater,site4_win4,1,4
Spinus_spinus,site4_win4,1,4
Troglodytes_troglodytes,site4_win4,1,4
Erithacus_rubecula,site4_win4,1,4
Phylloscopus_collybita,site4_win4,1,4
Phylloscopus_trochilus,site4_win4,1,4
Pipistrellus_pipistrellus,site4_win4,1,4
Fringilla_coelebs,site4_win4,1,4
Scolopax_rusticola,site4_win4,1,4
Strix_aluco,site4_win4,1,4
Dendrocopos_major,site4_win4,1,4
Pyrrhula_pyrrhula,site4_win4,1,4
Buteo_buteo,site4_win4,1,4
Turdus_viscivorus,site4_win4,1,4
Pipistrellus_pygmaeus,site4_win5,1,4
Anthus_trivialis,site4_win5,1,4
Certhia_familiaris,site4_win5,1,4
Periparus_ater,site4_win5,1,4
Spinus_spinus,site4_win5,1,4
Troglodytes_troglodytes,site4_win5,1,4
Erithacus_rubecula,site4_win5,1,4
Phylloscopus_collybita,site4_win5,1,4
Phylloscopus_trochilus,site4_win5,1,4
Cyanistes_caeruleus,site4_win5,1,4
Pipistrellus_pipistrellus,site4_win5,1,4
Fringilla_coelebs,site4_win5,1,4
Scolopax_rusticola,site4_win5,1,4
Strix_aluco,site4_win5,1,4
Dendrocopos_major,site4_win5,1,4
Turdus_merula,site4_win5,1,4
Buteo_buteo,site4_win5,1,4
Parus_major,site4_win5,1,4
Corvus_corax,site4_win5,1,4
Turdus_philomelos,site4_win5,1,4
Myotis_daubentonii,site4_win5,1,4
Turdus_viscivorus,site4_win5,1,4
Haematopus_ostralegus,site4_win5,1,4
Riparia_riparia,site4_win5,1,4
Regulus_regulus,site4_win6,1,4
Pipistrellus_pygmaeus,site4_win6,1,4
Anthus_trivialis,site4_win6,1,4
Certhia_familiaris,site4_win6,1,4
Muscicapa_striata,site4_win6,1,4
Periparus_ater,site4_win6,1,4
Spinus_spinus,site4_win6,1,4
Troglodytes_troglodytes,site4_win6,1,4
Erithacus_rubecula,site4_win6,1,4
Phylloscopus_collybita,site4_win6,1,4
Phylloscopus_trochilus,site4_win6,1,4
Cyanistes_caeruleus,site4_win6,1,4
Pipistrellus_pipistrellus,site4_win6,1,4
Fringilla_coelebs,site4_win6,1,4
Scolopax_rusticola,site4_win6,1,4
Strix_aluco,site4_win6,1,4
Dendrocopos_major,site4_win6,1,4
Pyrrhula_pyrrhula,site4_win6,1,4
Turdus_merula,site4_win6,1,4
Buteo_buteo,site4_win6,1,4
Columba_palumbus,site4_win6,1,4
Turdus_viscivorus,site4_win6,1,4
Passer_domesticus,site4_win6,1,4
Regulus_regulus,site5_win1,1,5
Anthus_trivialis,site5_win1,1,5
Spinus_spinus,site5_win1,1,5
Erithacus_rubecula,site5_win1,1,5
Phylloscopus_trochilus,site5_win1,1,5
Loxia_curvirostra,site5_win1,1,5
Anas_crecca,site5_win1,1,5
Alauda_arvensis,site5_win1,1,5
Actitis_hypoleucos,site5_win1,1,5
Corvus_corax,site5_win1,1,5
Regulus_regulus,site5_win2,1,5
Spinus_spinus,site5_win2,1,5
Erithacus_rubecula,site5_win2,1,5
Phylloscopus_trochilus,site5_win2,1,5
Buteo_buteo,site5_win2,1,5
Alauda_arvensis,site5_win2,1,5
Anthus_pratensis,site5_win2,1,5
Myotis_daubentonii,site5_win2,1,5
Periparus_ater,site5_win3,1,5
Spinus_spinus,site5_win3,1,5
Erithacus_rubecula,site5_win3,1,5
Phylloscopus_trochilus,site5_win3,1,5
Loxia_curvirostra,site5_win3,1,5
Buteo_buteo,site5_win3,1,5
Alauda_arvensis,site5_win3,1,5
Anthus_pratensis,site5_win3,1,5
Spinus_spinus,site5_win4,1,5
Troglodytes_troglodytes,site5_win4,1,5
Phylloscopus_trochilus,site5_win4,1,5
Alauda_arvensis,site5_win4,1,5
Regulus_regulus,site5_win5,1,5
Periparus_ater,site5_win5,1,5
Acanthis_cabaret,site5_win5,1,5
Spinus_spinus,site5_win5,1,5
Troglodytes_troglodytes,site5_win5,1,5
Erithacus_rubecula,site5_win5,1,5
Phylloscopus_trochilus,site5_win5,1,5
Alauda_arvensis,site5_win5,1,5
Actitis_hypoleucos,site5_win5,1,5
Myotis_daubentonii,site5_win5,1,5
Periparus_ater,site5_win6,1,5
Acanthis_cabaret,site5_win6,1,5
Spinus_spinus,site5_win6,1,5
Troglodytes_troglodytes,site5_win6,1,5
Erithacus_rubecula,site5_win6,1,5
Phylloscopus_trochilus,site5_win6,1,5
Loxia_curvirostra,site5_win6,1,5
Alauda_arvensis,site5_win6,1,5
Acanthis_cabaret,site6_win1,1,6
Spinus_spinus,site6_win1,1,6
Phylloscopus_trochilus,site6_win1,1,6
Corvus_corone,site6_win1,1,6
Alauda_arvensis,site6_win1,1,6
Anthus_pratensis,site6_win1,1,6
Saxicola_rubicola,site6_win1,1,6
Acanthis_flammea,site6_win1,1,6
Periparus_ater,site6_win2,1,6
Acanthis_cabaret,site6_win2,1,6
Spinus_spinus,site6_win2,1,6
Phylloscopus_collybita,site6_win2,1,6
Phylloscopus_trochilus,site6_win2,1,6
Alauda_arvensis,site6_win2,1,6
Anthus_pratensis,site6_win2,1,6
Saxicola_rubicola,site6_win2,1,6
Acanthis_flammea,site6_win2,1,6
Periparus_ater,site6_win3,1,6
Acanthis_cabaret,site6_win3,1,6
Spinus_spinus,site6_win3,1,6
Phylloscopus_trochilus,site6_win3,1,6
Corvus_corone,site6_win3,1,6
Alauda_arvensis,site6_win3,1,6
Anthus_pratensis,site6_win3,1,6
Saxicola_rubicola,site6_win3,1,6
Acanthis_cabaret,site6_win4,1,6
Spinus_spinus,site6_win4,1,6
Phylloscopus_collybita,site6_win4,1,6
Phylloscopus_trochilus,site6_win4,1,6
Corvus_corone,site6_win4,1,6
Alauda_arvensis,site6_win4,1,6
Anthus_pratensis,site6_win4,1,6
Acanthis_cabaret,site6_win5,1,6
Spinus_spinus,site6_win5,1,6
Phylloscopus_collybita,site6_win5,1,6
Phylloscopus_trochilus,site6_win5,1,6
Corvus_corone,site6_win5,1,6
Strix_aluco,site6_win5,1,6
Buteo_buteo,site6_win5,1,6
Alauda_arvensis,site6_win5,1,6
Anthus_pratensis,site6_win5,1,6
Saxicola_rubicola,site6_win5,1,6
Periparus_ater,site6_win6,1,6
Acanthis_cabaret,site6_win6,1,6
Spinus_spinus,site6_win6,1,6
Troglodytes_troglodytes,site6_win6,1,6
Phylloscopus_trochilus,site6_win6,1,6
Corvus_corone,site6_win6,1,6
Alauda_arvensis,site6_win6,1,6
Anthus_pratensis,site6_win6,1,6
Saxicola_rubicola,site6_win6,1,6
Phylloscopus_trochilus,site7_win1,1,7
Alauda_arvensis,site7_win1,1,7
Anthus_pratensis,site7_win1,1,7
Sorex_araneus,site7_win1,1,7
Spinus_spinus,site7_win2,1,7
Phylloscopus_trochilus,site7_win2,1,7
Pipistrellus_pipistrellus,site7_win2,1,7
Corvus_corone,site7_win2,1,7
Alauda_arvensis,site7_win2,1,7
Anthus_pratensis,site7_win2,1,7
Turdus_iliacus,site7_win2,1,7
Acanthis_cabaret,site7_win3,1,7
Phylloscopus_trochilus,site7_win3,1,7
Alauda_arvensis,site7_win3,1,7
Anthus_pratensis,site7_win3,1,7
Spinus_spinus,site7_win4,1,7
Anthus_pratensis,site7_win4,1,7
Turdus_iliacus,site7_win4,1,7
Regulus_regulus,site7_win5,1,7
Phylloscopus_trochilus,site7_win5,1,7
Alauda_arvensis,site7_win5,1,7
Anthus_pratensis,site7_win5,1,7
Coccothraustes_coccothraustes,site7_win5,1,7
Spinus_spinus,site7_win6,1,7
Phylloscopus_trochilus,site7_win6,1,7
Alauda_arvensis,site7_win6,1,7
Anthus_pratensis,site7_win6,1,7
Turdus_iliacus,site7_win6,1,7
Acanthis_cabaret,site8_win1,1,8
Phylloscopus_trochilus,site8_win1,1,8
Anthus_pratensis,site8_win1,1,8
Saxicola_rubicola,site8_win1,1,8
Sorex_araneus,site8_win1,1,8
Acanthis_cabaret,site8_win2,1,8
Troglodytes_troglodytes,site8_win2,1,8
Corvus_corone,site8_win2,1,8
Alauda_arvensis,site8_win2,1,8
Anthus_pratensis,site8_win2,1,8
Saxicola_rubicola,site8_win2,1,8
Sorex_araneus,site8_win2,1,8
Acanthis_cabaret,site8_win3,1,8
Troglodytes_troglodytes,site8_win3,1,8
Phylloscopus_trochilus,site8_win3,1,8
Strix_aluco,site8_win3,1,8
Alauda_arvensis,site8_win3,1,8
Anthus_pratensis,site8_win3,1,8
Sorex_araneus,site8_win3,1,8
Gallinago_gallinago,site8_win3,1,8
Acanthis_cabaret,site8_win4,1,8
Spinus_spinus,site8_win4,1,8
Alauda_arvensis,site8_win4,1,8
Anthus_pratensis,site8_win4,1,8
Saxicola_rubicola,site8_win4,1,8
Acanthis_cabaret,site8_win5,1,8
Troglodytes_troglodytes,site8_win5,1,8
Phylloscopus_trochilus,site8_win5,1,8
Corvus_corone,site8_win5,1,8
Strix_aluco,site8_win5,1,8
Alauda_arvensis,site8_win5,1,8
Anthus_pratensis,site8_win5,1,8
Saxicola_rubicola,site8_win5,1,8
Acanthis_cabaret,site8_win6,1,8
Spinus_spinus,site8_win6,1,8
Troglodytes_troglodytes,site8_win6,1,8
Strix_aluco,site8_win6,1,8
Anthus_pratensis,site8_win6,1,8
Saxicola_rubicola,site8_win6,1,8
Sorex_araneus,site8_win6,1,8
Pipistrellus_pygmaeus,site9_win1,1,9
Anthus_trivialis,site9_win1,1,9
Periparus_ater,site9_win1,1,9
Acanthis_cabaret,site9_win1,1,9
Spinus_spinus,site9_win1,1,9
Erithacus_rubecula,site9_win1,1,9
Phylloscopus_trochilus,site9_win1,1,9
Pipistrellus_pipistrellus,site9_win1,1,9
Fringilla_coelebs,site9_win1,1,9
Scolopax_rusticola,site9_win1,1,9
Parus_major,site9_win1,1,9
Tringa_nebularia,site9_win1,1,9
Pipistrellus_pygmaeus,site9_win2,1,9
Anthus_trivialis,site9_win2,1,9
Periparus_ater,site9_win2,1,9
Spinus_spinus,site9_win2,1,9
Troglodytes_troglodytes,site9_win2,1,9
Erithacus_rubecula,site9_win2,1,9
Phylloscopus_trochilus,site9_win2,1,9
Cyanistes_caeruleus,site9_win2,1,9
Pipistrellus_pipistrellus,site9_win2,1,9
Fringilla_coelebs,site9_win2,1,9
Scolopax_rusticola,site9_win2,1,9
Strix_aluco,site9_win2,1,9
Buteo_buteo,site9_win2,1,9
Pipistrellus_pygmaeus,site9_win3,1,9
Anthus_trivialis,site9_win3,1,9
Periparus_ater,site9_win3,1,9
Spinus_spinus,site9_win3,1,9
Erithacus_rubecula,site9_win3,1,9
Phylloscopus_collybita,site9_win3,1,9
Phylloscopus_trochilus,site9_win3,1,9
Pipistrellus_pipistrellus,site9_win3,1,9
Fringilla_coelebs,site9_win3,1,9
Scolopax_rusticola,site9_win3,1,9
Strix_aluco,site9_win3,1,9
Prunella_modularis,site9_win3,1,9
Buteo_buteo,site9_win3,1,9
Ardea_cinerea,site9_win3,1,9
Anthus_trivialis,site9_win4,1,9
Certhia_familiaris,site9_win4,1,9
Periparus_ater,site9_win4,1,9
Acanthis_cabaret,site9_win4,1,9
Spinus_spinus,site9_win4,1,9
Troglodytes_troglodytes,site9_win4,1,9
Erithacus_rubecula,site9_win4,1,9
Phylloscopus_trochilus,site9_win4,1,9
Pipistrellus_pipistrellus,site9_win4,1,9
Fringilla_coelebs,site9_win4,1,9
Scolopax_rusticola,site9_win4,1,9
Strix_aluco,site9_win4,1,9
Turdus_merula,site9_win4,1,9
Buteo_buteo,site9_win4,1,9
Ardea_cinerea,site9_win4,1,9
Pipistrellus_pygmaeus,site9_win5,1,9
Anthus_trivialis,site9_win5,1,9
Periparus_ater,site9_win5,1,9
Spinus_spinus,site9_win5,1,9
Troglodytes_troglodytes,site9_win5,1,9
Erithacus_rubecula,site9_win5,1,9
Phylloscopus_trochilus,site9_win5,1,9
Pipistrellus_pipistrellus,site9_win5,1,9
Corvus_corone,site9_win5,1,9
Fringilla_coelebs,site9_win5,1,9
Scolopax_rusticola,site9_win5,1,9
Strix_aluco,site9_win5,1,9
Prunella_modularis,site9_win5,1,9
Turdus_merula,site9_win5,1,9
Parus_major,site9_win5,1,9
Corvus_corax,site9_win5,1,9
Acanthis_flammea,site9_win5,1,9
Sorex_araneus,site9_win5,1,9
Branta_canadensis,site9_win5,1,9
Pipistrellus_pygmaeus,site9_win6,1,9
Spinus_spinus,site9_win6,1,9
Troglodytes_troglodytes,site9_win6,1,9
Erithacus_rubecula,site9_win6,1,9
Phylloscopus_trochilus,site9_win6,1,9
Pipistrellus_pipistrellus,site9_win6,1,9
Scolopax_rusticola,site9_win6,1,9
Turdus_merula,site9_win6,1,9
Parus_major,site9_win6,1,9
Sorex_araneus,site9_win6,1,9